{"cameraMode":{"drawMode":0,"name":"Shaded","section":"Shading Mode"},"sceneLighting":false,"audioPlay":false,"sceneViewState":{"showFog":false,"showMaterialUpdate":false,"showSkybox":false,"showFlares":false,"showImageEffects":false,"showParticleSystems":true},"in2DMode":false,"pivot":{"x":-0.0869477391242981,"y":2.6635239124298097,"z":-1.3876104354858399},"rotation":{"x":-0.17032696306705476,"y":-0.040785789489746097,"z":0.0070562418550252918,"w":-0.9845179319381714},"size":8.104604721069336,"orthographic":false}