{"cameraMode":{"drawMode":0,"name":"Shaded","section":"Shading Mode"},"sceneLighting":false,"audioPlay":false,"sceneViewState":{"showFog":false,"showMaterialUpdate":false,"showSkybox":false,"showFlares":false,"showImageEffects":false,"showParticleSystems":true},"in2DMode":false,"pivot":{"x":0.2589273452758789,"y":1.0693249702453614,"z":-9.13104248046875},"rotation":{"x":0.00030898055410943925,"y":0.058777276426553729,"z":-0.0000184850359801203,"w":0.998271107673645},"size":0.40423905849456789,"orthographic":false}