{"cameraMode":{"drawMode":0,"name":"Shaded","section":"Shading Mode"},"sceneLighting":false,"audioPlay":false,"sceneViewState":{"showFog":false,"showMaterialUpdate":false,"showSkybox":false,"showFlares":false,"showImageEffects":false,"showParticleSystems":true},"in2DMode":false,"pivot":{"x":0.00030497461557388306,"y":0.05283799022436142,"z":0.00005405396223068237},"rotation":{"x":-0.23481686413288117,"y":0.09489823132753372,"z":0.023040955886244775,"w":0.9671217799186707},"size":0.2781733572483063,"orthographic":false}