{"cameraMode":{"drawMode":0,"name":"Shaded","section":"Shading Mode"},"sceneLighting":false,"audioPlay":false,"sceneViewState":{"showFog":false,"showMaterialUpdate":false,"showSkybox":false,"showFlares":false,"showImageEffects":false,"showParticleSystems":true},"in2DMode":false,"pivot":{"x":-0.0003721863031387329,"y":0.07495090365409851,"z":0.0007176510989665985},"rotation":{"x":-0.23481686413288117,"y":0.09489823132753372,"z":0.023040955886244775,"w":0.9671217799186707},"size":0.3131178617477417,"orthographic":false}