{"cameraMode":{"drawMode":0,"name":"Shaded","section":"Shading Mode"},"sceneLighting":false,"audioPlay":false,"sceneViewState":{"showFog":false,"showMaterialUpdate":false,"showSkybox":false,"showFlares":false,"showImageEffects":false,"showParticleSystems":true},"in2DMode":false,"pivot":{"x":0.0001014024019241333,"y":0.023618308827280999,"z":0.017359672114253045},"rotation":{"x":-0.23481686413288117,"y":0.09489823132753372,"z":0.023040955886244775,"w":0.9671217799186707},"size":0.12982895970344544,"orthographic":false}