{"cameraMode":{"drawMode":0,"name":"Shaded","section":"Shading Mode"},"sceneLighting":true,"audioPlay":false,"sceneViewState":{"showFog":false,"showMaterialUpdate":false,"showSkybox":false,"showFlares":false,"showImageEffects":false,"showParticleSystems":true},"in2DMode":false,"pivot":{"x":1.5717310905456544,"y":-0.009073375724256039,"z":1.5623888969421387},"rotation":{"x":-0.1264129877090454,"y":-0.12700650095939637,"z":0.016321735456585885,"w":-0.9836782217025757},"size":0.14289410412311555,"orthographic":false}