{"cameraMode":{"drawMode":0,"name":"Shaded","section":"Shading Mode"},"sceneLighting":false,"audioPlay":false,"sceneViewState":{"showFog":false,"showMaterialUpdate":false,"showSkybox":false,"showFlares":false,"showImageEffects":false,"showParticleSystems":true},"in2DMode":false,"pivot":{"x":-0.2856965959072113,"y":2.122936487197876,"z":-7.719501972198486},"rotation":{"x":0.17408186197280885,"y":-0.1584606021642685,"z":0.02839481644332409,"w":0.9714831709861755},"size":2.058544635772705,"orthographic":false}