{"cameraMode":{"drawMode":0,"name":"Shaded","section":"Shading Mode"},"sceneLighting":false,"audioPlay":false,"sceneViewState":{"showFog":false,"showMaterialUpdate":false,"showSkybox":false,"showFlares":false,"showImageEffects":false,"showParticleSystems":true},"in2DMode":false,"pivot":{"x":-0.017012260854244233,"y":0.027227133512496949,"z":-0.001776665449142456},"rotation":{"x":-0.251231849193573,"y":0.07281296700239182,"z":0.018956147134304048,"w":0.964998185634613},"size":1.0002334117889405,"orthographic":false}