{"cameraMode":{"drawMode":0,"name":"Shaded","section":"Shading Mode"},"sceneLighting":false,"audioPlay":false,"sceneViewState":{"showFog":false,"showMaterialUpdate":false,"showSkybox":false,"showFlares":false,"showImageEffects":false,"showParticleSystems":true},"in2DMode":false,"pivot":{"x":-0.0869477391242981,"y":6.055646896362305,"z":-1.3876104354858399},"rotation":{"x":-0.37187838554382326,"y":0.244999498128891,"z":-0.10244350880384445,"w":-0.8894869089126587},"size":20.92825698852539,"orthographic":true}